name,min,max,cardinality,num_unique_values,mu,std
t.id,1.0,2528312.0,2528312,2528312,1264156.5,729860.9512352336
t.production_year,1880.0,2020.0,2528312,133,1993.5645952714697,24.48237003978924
t.phonetic_code,1.0,23260.0,2528312,23260,13835.26614990555,8047.921895083061
